,open,high,low,close,volume,symbol,extraction_time,close_lag_1,volume_lag_1,close_lag_2,volume_lag_2,close_lag_3,volume_lag_3,close_lag_5,volume_lag_5,close_lag_10,volume_lag_10,close_rolling_mean_5,close_rolling_std_5,volume_rolling_mean_5,close_rolling_mean_10,close_rolling_std_10,volume_rolling_mean_10,close_rolling_mean_20,close_rolling_std_20,volume_rolling_mean_20,price_change,price_change_pct,returns,volatility,volatility_pct,hour,day_of_week,month,sma_5,sma_20,ema_5,ema_20,rsi,target
2025-12-02 13:05:00,304.71,305.0,304.57,304.645,31207,IBM,2025-12-03 07:53:08.808114,304.794,30723.0,304.64,20954.0,305.3715,17178.0,305.7468,15324.0,305.885,12944.0,305.06010000000003,0.5339740630407026,23770.4,305.45802,0.5585214306043949,18997.0,305.210375,0.5426074658292821,19550.8,-0.06499999999999773,-0.02133175806504471,-0.000488854767482283,0.4300000000000068,0.14114789344975523,13,1,12,305.06010000000003,305.210375,304.97463607527504,305.1260001887728,49.43946188340777,304.17
2025-12-02 13:10:00,304.61,304.65,304.15,304.17,21334,IBM,2025-12-03 07:53:08.808114,304.645,31207.0,304.794,30723.0,304.64,20954.0,305.85,18790.0,305.79,13363.0,304.7241,0.4313841675355281,24279.2,305.29602,0.6744430209027092,19794.1,305.202625,0.5568390288754342,18953.0,-0.4399999999999977,-0.1444469978004654,-0.0015591918462471988,0.5,0.1643817601998882,13,1,12,304.7241,305.202625,304.7064240501834,305.0349525517468,38.45530650823683,304.34
2025-12-02 13:15:00,304.23,304.385,303.8,304.34,34053,IBM,2025-12-03 07:53:08.808114,304.17,21334.0,304.645,31207.0,304.794,30723.0,305.3715,17178.0,305.9679,13257.0,304.51779999999997,0.2549396006908524,27654.2,305.13323,0.6905236467911199,21873.7,305.175375,0.5857837474834745,19519.75,0.1099999999999568,0.036156855010997205,0.0005588979846795628,0.5849999999999795,0.19221922849444031,13,1,12,304.51779999999997,305.175375,304.58428270012223,304.9687665944376,41.42411642411587,304.43
2025-12-02 13:20:00,304.375,304.55,304.21,304.43,33502,IBM,2025-12-03 07:53:08.808114,304.34,34053.0,304.17,21334.0,304.645,31207.0,304.64,20954.0,306.05,12271.0,304.47580000000005,0.24694776775754188,30163.8,304.97123,0.639707516586837,23996.8,305.161375,0.6006487447795554,20151.35,0.05500000000000682,0.01806981519507411,0.00029572188999149596,0.34000000000003183,0.11168413099892646,13,1,12,304.47580000000005,305.161375,304.53285513341484,304.9174554902055,37.487866433702486,304.46
2025-12-02 13:25:00,304.39,304.53,304.135,304.46,27597,IBM,2025-12-03 07:53:08.808114,304.43,33502.0,304.34,34053.0,304.17,21334.0,304.794,30723.0,305.725,16903.0,304.409,0.17365195075343468,29538.6,304.84473,0.5977918404892022,25066.2,305.137875,0.6190887563907683,20915.05,0.06999999999999318,0.022996813298726368,9.854482146964827e-05,0.3949999999999818,0.1297378966038172,13,1,12,304.409,305.137875,304.5085700889432,304.8738883006621,26.889393447939483,304.155
2025-12-02 13:30:00,304.46,304.61,304.06,304.155,25155,IBM,2025-12-03 07:53:08.808114,304.46,27597.0,304.43,33502.0,304.34,34053.0,304.645,31207.0,305.7468,15324.0,304.311,0.14267095009331376,28328.2,304.68555,0.5400422025688904,26049.3,305.103125,0.6545857218400342,21351.3,-0.3050000000000068,-0.10017736320042266,-0.0010017736320042658,0.5500000000000114,0.1808288537094611,13,1,12,304.311,305.103125,304.3907133926288,304.80542274821806,25.174612815061153,304.07
2025-12-02 13:35:00,304.14,304.29,303.95,304.07,20085,IBM,2025-12-03 07:53:08.808114,304.155,25155.0,304.46,27597.0,304.43,33502.0,304.17,21334.0,305.85,18790.0,304.291,0.17147886167263585,28078.4,304.50755,0.38455287528345805,26178.8,305.07237499999997,0.6888118824048407,21626.1,-0.06999999999999318,-0.023015716446371137,-0.00027946277391455165,0.34000000000003183,0.11181635807545362,13,1,12,304.291,305.07237499999997,304.2838089284192,304.735382486483,20.346239180025407,304.08
2025-12-02 13:40:00,304.115,304.26,303.93,304.08,18759,IBM,2025-12-03 07:53:08.808114,304.07,20085.0,304.155,25155.0,304.46,27597.0,304.34,34053.0,305.3715,17178.0,304.239,0.19119361914188854,25019.6,304.37839999999994,0.2583108377299843,26336.9,305.025125,0.7237579879570041,21898.2,-0.03500000000002501,-0.011508804235248183,3.28871641397388e-05,0.3299999999999841,0.10852407261246519,13,1,12,304.239,305.025125,304.21587261894615,304.6729651068179,18.51023017902699,304.11
2025-12-02 13:45:00,304.155,304.25,303.98,304.11,18901,IBM,2025-12-03 07:53:08.808114,304.08,18759.0,304.07,20085.0,304.155,25155.0,304.43,33502.0,304.64,20954.0,304.175,0.1627114009545867,22099.4,304.3254,0.25298976703040743,26131.6,304.98062500000003,0.7521864402666643,21637.5,-0.04499999999995907,-0.014795088030760328,9.865824782950838e-05,0.2699999999999818,0.08878366380585373,13,1,12,304.175,304.98062500000003,304.1805817459641,304.6193493823591,21.496646664312976,304.26
2025-12-02 13:50:00,304.08,304.66,304.08,304.26,19642,IBM,2025-12-03 07:53:08.808114,304.11,18901.0,304.08,18759.0,304.07,20085.0,304.46,27597.0,304.794,30723.0,304.13499999999993,0.07729812417274781,20508.4,304.272,0.19212553766248963,25023.5,304.92701,0.7639247034402626,21097.1,0.18000000000000682,0.05919494869771338,0.0004932425766992488,0.5800000000000409,0.19062643791495465,13,1,12,304.13499999999993,304.92701,304.2070544973094,304.5851256316582,24.895312711062473,304.33
2025-12-02 13:55:00,304.31,304.4,303.94,304.33,26789,IBM,2025-12-03 07:53:08.808114,304.26,19642.0,304.11,18901.0,304.08,18759.0,304.155,25155.0,304.645,31207.0,304.17,0.11768602296198262,20835.2,304.2405,0.14396083572312846,24581.7,304.84926,0.7400502453780945,21789.35,0.01999999999998181,0.0065722454076375435,0.00023006639058698042,0.45999999999997954,0.15115171031445457,13,1,12,304.17,304.84926,304.24803633153965,304.5608279524526,24.04371584699335,304.62
2025-12-02 14:00:00,304.24,304.75,304.12,304.62,16029,IBM,2025-12-03 07:53:08.808114,304.33,26789.0,304.26,19642.0,304.11,18901.0,304.07,20085.0,304.17,21334.0,304.28,0.2164486082204213,20024.0,304.2855,0.18418665049916513,24051.2,304.79076,0.7072904691775684,21922.65,0.37999999999999545,0.12490139363660119,0.0009529129563303762,0.6299999999999955,0.2068150482568431,14,1,12,304.28,304.79076,304.37202422102644,304.5664633855523,36.28399342945737,304.185
2025-12-02 14:05:00,304.62,304.76,304.185,304.185,23153,IBM,2025-12-03 07:53:08.808114,304.62,16029.0,304.33,26789.0,304.26,19642.0,304.08,18759.0,304.34,34053.0,304.30100000000004,0.19635427166360594,20902.8,304.27000000000004,0.18560711193238105,22961.2,304.701615,0.6620258512005587,22417.45,-0.4350000000000023,-0.1428008666535363,-0.001428008666535363,0.5749999999999886,0.18902970231930852,14,1,12,304.30100000000004,304.701615,304.30968281401766,304.5301335393092,40.6876790830946,304.394
2025-12-02 14:10:00,304.21,304.59,304.12,304.394,43868,IBM,2025-12-03 07:53:08.808114,304.185,23153.0,304.62,16029.0,304.33,26789.0,304.11,18901.0,304.43,33502.0,304.35779999999994,0.16602469695956523,25896.2,304.2664,0.18248177991207581,23997.8,304.618815,0.5833954335340028,23997.3,0.18400000000002592,0.06048453371027446,0.0006870818745172702,0.46999999999997044,0.15440514596213145,14,1,12,304.35779999999994,304.618815,304.3377885426785,304.5171684403274,41.99359487590097,304.07
2025-12-02 14:15:00,304.52,304.585,304.07,304.07,24915,IBM,2025-12-03 07:53:08.808114,304.394,43868.0,304.185,23153.0,304.62,16029.0,304.26,19642.0,304.46,27597.0,304.31980000000004,0.20994094407841582,26950.8,304.2274,0.1781317864200872,23729.6,304.53606499999995,0.5334720337709072,24397.9,-0.44999999999998863,-0.14777354525153968,-0.0010644099423773312,0.5149999999999864,0.16936889532015206,14,1,12,304.31980000000004,304.53606499999995,304.248525695119,304.47458096982,39.244294799850344,303.1675
2025-12-02 14:20:00,304.07,304.14,303.02,303.1675,74160,IBM,2025-12-03 07:53:08.808114,304.07,24915.0,304.394,43868.0,304.185,23153.0,304.33,26789.0,304.155,25155.0,304.0873,0.5553626742955161,36425.0,304.12865,0.38096500641264286,28630.1,304.4071,0.5371321164538109,27339.7,-0.902499999999975,-0.2968066563620137,-0.002968066563620142,1.1200000000000045,0.36943273932727105,14,1,12,304.0873,304.4071,303.88818379674603,304.3500970679324,33.83325270117702,303.46
2025-12-02 14:25:00,303.17,303.48,303.13,303.46,43662,IBM,2025-12-03 07:53:08.808114,303.1675,74160.0,304.07,24915.0,304.394,43868.0,304.62,16029.0,304.07,20085.0,303.8553,0.5182486854790997,41951.6,304.06765,0.4362277724358183,30987.8,304.2876,0.4594699635103669,28583.3,0.2899999999999636,0.09565590262887608,0.0009648131808321914,0.35000000000002274,0.11533645290978144,14,1,12,303.8553,304.2876,303.7454558644974,304.2653259186055,36.34812286689408,302.73
2025-12-02 14:30:00,303.42,303.42,302.73,302.73,75117,IBM,2025-12-03 07:53:08.808114,303.46,43662.0,303.1675,74160.0,304.07,24915.0,304.185,23153.0,304.08,18759.0,303.5643,0.6724060900980685,52344.4,303.93265,0.6073217182386098,36623.6,304.155525,0.5085346718757261,31480.25,-0.6899999999999977,-0.22740755388570225,-0.0024055888749751064,0.6899999999999977,0.22792587454167004,14,1,12,303.5643,304.155525,303.4069705763316,304.11910440254786,27.996375873672818,303.275
2025-12-02 14:35:00,302.73,303.33,302.63,303.275,73618,IBM,2025-12-03 07:53:08.808114,302.73,75117.0,303.46,43662.0,303.1675,74160.0,304.394,43868.0,304.11,18901.0,303.34049999999996,0.48820589918711443,58294.4,303.84915,0.6369096416812315,42095.3,304.087275,0.5311848591639187,34113.45,0.5449999999999591,0.18002840815246557,0.0018002840815245502,0.6999999999999886,0.23081361800345845,14,1,12,303.34049999999996,304.087275,303.3629803842211,304.0387135070671,36.46642302421155,302.755
2025-12-02 14:40:00,303.275,303.3,302.68,302.755,41003,IBM,2025-12-03 07:53:08.808114,303.275,73618.0,302.73,75117.0,303.46,43662.0,304.07,24915.0,304.26,19642.0,303.0775,0.3233322594503551,61512.0,303.69865,0.7033845972627601,44231.4,303.985325,0.5816768019900511,34627.45,-0.5199999999999818,-0.17146154480256595,-0.001714615448025647,0.6200000000000045,0.2047860481247228,14,1,12,303.0775,303.985325,303.16032025614743,303.9164550778226,34.75941650337444,302.58
2025-12-02 14:45:00,302.755,302.83,302.58,302.58,49291,IBM,2025-12-03 07:53:08.808114,302.755,41003.0,303.275,73618.0,302.73,75117.0,303.1675,74160.0,304.33,26789.0,302.96,0.38358506227609285,56538.2,303.52365,0.7453018795538299,46481.6,303.882075,0.6388792051831397,35531.65,-0.17500000000001137,-0.05780251358359445,-0.0005780251358359356,0.25,0.08262277744728667,14,1,12,302.96,303.882075,302.96688017076497,303.7891736418395,34.09139440529525,302.345
2025-12-02 14:50:00,302.57,302.57,302.16,302.345,54948,IBM,2025-12-03 07:53:08.808114,302.58,49291.0,302.755,41003.0,303.275,73618.0,303.46,43662.0,304.62,16029.0,302.737,0.3421001315426482,58795.4,303.29615,0.7202579804022197,50373.5,303.790825,0.7206843837080568,37212.35,-0.2249999999999659,-0.07436295733217632,-0.0007766541080043154,0.40999999999996817,0.13560667449435848,14,1,12,302.737,303.790825,302.75958678051,303.6516332949977,32.32477587612051,302.25
2025-12-02 14:55:00,302.345,302.43,302.16,302.25,52478,IBM,2025-12-03 07:53:08.808114,302.345,54948.0,302.58,49291.0,302.755,41003.0,302.73,75117.0,304.185,23153.0,302.64099999999996,0.40594642503852385,54267.6,303.10265,0.7148346370546435,53306.0,303.686325,0.7854759582066321,38133.6,-0.09500000000002728,-0.03142105872431404,-0.00031421058724312445,0.2699999999999818,0.08933002481388977,14,1,12,302.64099999999996,303.686325,302.58972452034004,303.5181444097598,31.299014679267316,302.74
2025-12-02 15:00:00,302.28,302.74,302.07,302.74,73624,IBM,2025-12-03 07:53:08.808114,302.25,52478.0,302.345,54948.0,302.58,49291.0,303.275,73618.0,304.394,43868.0,302.534,0.22900327508931823,54268.8,302.93725,0.5567021570519998,56281.6,303.601825,0.7921373697153415,40139.7,0.4600000000000364,0.15217678973138693,0.0016211745244003595,0.6700000000000159,0.22131201691220712,15,1,12,302.534,303.601825,302.6398163468934,303.44403541835413,35.695463956333356,302.73
2025-12-02 15:05:00,302.74,302.87,302.61,302.73,31285,IBM,2025-12-03 07:53:08.808114,302.74,73624.0,302.25,52478.0,302.345,54948.0,302.755,41003.0,304.07,24915.0,302.529,0.22317033853458002,52325.2,302.80325,0.39008911018965325,56918.6,303.51532499999996,0.7879393557177975,40324.1,-0.009999999999990905,-0.003303164431522397,-3.303164431522898e-05,0.2599999999999909,0.08588511214613381,15,1,12,302.529,303.51532499999996,302.6698775645956,303.3760320451775,34.77060727203498,302.82
2025-12-02 15:10:00,302.77,302.9,302.71,302.82,22206,IBM,2025-12-03 07:53:08.808114,302.73,31285.0,302.74,73624.0,302.25,52478.0,302.58,49291.0,303.1675,74160.0,302.577,0.25970175201875456,46908.2,302.7685,0.3689402992952992,51723.2,303.448575,0.787444288338113,40176.65,0.05000000000001137,0.016514185685507603,0.0002972946189672143,0.18999999999999773,0.06274354401954882,15,1,12,302.577,303.448575,302.7199183763971,303.32307661230345,32.18879873342496,302.41
2025-12-02 15:15:00,302.82,302.85,302.36,302.41,49455,IBM,2025-12-03 07:53:08.808114,302.82,22206.0,302.73,31285.0,302.74,73624.0,302.345,54948.0,303.46,43662.0,302.59000000000003,0.24647515088057698,45809.6,302.6635,0.29157665277606715,52302.5,303.36557500000004,0.8057683694033976,41645.15,-0.40999999999996817,-0.13539396341059645,-0.0013539396341060161,0.4900000000000091,0.16203167884660197,15,1,12,302.59000000000003,303.36557500000004,302.61661225093144,303.2361169349412,32.34884645982447,302.5
2025-12-02 15:20:00,302.39,302.77,302.31,302.5,51091,IBM,2025-12-03 07:53:08.808114,302.41,49455.0,302.82,22206.0,302.73,31285.0,302.25,52478.0,302.73,75117.0,302.64,0.17535677917200435,45532.2,302.6405,0.2948017224427338,49899.9,303.28657499999997,0.8094828640781949,43261.75,0.11000000000001364,0.036376864314300615,0.0002976092060447133,0.45999999999997954,0.15206611570247255,15,1,12,302.64,303.28657499999997,302.57774150062096,303.1660105601849,30.70890201670302,302.445
2025-12-02 15:25:00,302.47,302.72,302.4,302.445,59992,IBM,2025-12-03 07:53:08.808114,302.5,51091.0,302.41,49455.0,302.82,22206.0,302.74,73624.0,303.275,73618.0,302.581,0.182770347708833,42805.8,302.5575,0.19689605266534355,48537.3,303.203325,0.8059514200289778,45316.3,-0.025000000000034106,-0.008265282507367376,-0.0001818181818181719,0.32000000000005,0.1058043611235266,15,1,12,302.581,303.203325,302.5334943337473,303.0973428877863,32.48922413793012,303.12
2025-12-02 15:30:00,302.445,303.192,302.4,303.12,58007,IBM,2025-12-03 07:53:08.808114,302.445,59992.0,302.5,51091.0,302.41,49455.0,302.73,31285.0,302.755,41003.0,302.659,0.30476220238339247,48150.2,302.594,0.26097892635161873,50237.7,303.146325,0.7666398707650813,47234.55,0.6750000000000114,0.22318107424490777,0.0022318107424490474,0.79200000000003,0.26128266033255143,15,1,12,302.659,303.146325,302.7289962224982,303.09950070799715,49.4617563739375,303.54
2025-12-02 15:35:00,303.125,303.55,303.04,303.54,72892,IBM,2025-12-03 07:53:08.808114,303.12,58007.0,302.445,59992.0,302.5,51091.0,302.82,22206.0,302.58,49291.0,302.803,0.5044997522313812,58287.4,302.69,0.3965896283729468,52597.8,303.10682499999996,0.7214636306800585,49539.7,0.41500000000002046,0.1369072164948521,0.0013855898653998278,0.5099999999999909,0.16801739474204086,15,1,12,302.803,303.10682499999996,302.99933081499887,303.1414530215212,50.88105726872294,303.5
2025-12-02 15:40:00,303.5,303.51,303.165,303.5,49178,IBM,2025-12-03 07:53:08.808114,303.54,72892.0,303.12,58007.0,302.445,59992.0,302.41,49455.0,302.345,54948.0,303.021,0.5272143776505261,58232.0,302.8055,0.44959518828943545,52020.8,303.050825,0.6362659836679738,51197.15,0.0,0.0,-0.0001317783488173907,0.34499999999997044,0.11367380560130821,15,1,12,303.021,303.050825,303.1662205433326,303.1756003528049,60.0,303.265
2025-12-02 15:45:00,303.475,303.49,303.21,303.265,54923,IBM,2025-12-03 07:53:08.808114,303.5,49178.0,303.54,72892.0,303.12,58007.0,302.5,51091.0,302.25,52478.0,303.174,0.4423997061497209,58998.4,302.90700000000004,0.42410166496008384,52265.3,303.00482500000004,0.5807912768250844,52785.65,-0.21000000000003638,-0.0691984512727692,-0.0007742998352554542,0.28000000000002956,0.09232849158327851,15,1,12,303.174,303.00482500000004,303.19914702888843,303.18411460491876,49.85875706214701,302.2
2025-12-02 15:50:00,303.3,303.4796,302.2,302.2,118054,IBM,2025-12-03 07:53:08.808114,303.265,54923.0,303.5,49178.0,303.54,72892.0,302.445,59992.0,302.74,73624.0,303.125,0.5450000000012796,70610.8,302.853,0.47860445278111596,56708.3,302.895125,0.5071232559346455,56494.95,-1.1000000000000227,-0.36267721727663127,-0.0035117801262921633,1.2796000000000163,0.42342819324950903,15,1,12,303.125,302.895125,302.86609801925897,303.0903894044503,43.20685434516512,301.83
2025-12-02 15:55:00,302.21,302.37,301.57,301.83,441275,IBM,2025-12-03 07:53:08.808114,302.2,118054.0,303.265,54923.0,303.5,49178.0,303.12,58007.0,302.73,31285.0,302.867,0.7956569612600212,147264.4,302.76300000000003,0.5784999759912779,97707.3,302.78312500000004,0.48065667457654343,77312.95,-0.37999999999999545,-0.12574037920651054,-0.0012243547319655823,0.8000000000000114,0.2650498625053876,15,1,12,302.867,302.78312500000004,302.5207320128393,302.97035231831217,41.238317757009284,301.78
2025-12-02 16:00:00,301.82,303.17,301.7025,301.78,2073486,IBM,2025-12-03 07:53:08.808114,301.83,441275.0,302.2,118054.0,303.265,54923.0,303.54,72892.0,302.82,22206.0,302.515,0.8126192220232731,547383.2,302.659,0.6554760780444849,302835.3,302.71375,0.520720338619302,177279.25,-0.040000000000020464,-0.013252932211258518,-0.00016565616406594152,1.4675000000000296,0.4862813970442142,16,1,12,302.515,302.71375,302.27382134189287,302.85698543085385,43.10134310134248,301.51
2025-12-02 16:05:00,302.98,305.67,301.51,301.51,760,IBM,2025-12-03 07:53:08.808114,301.78,2073486.0,301.83,441275.0,302.2,118054.0,303.5,49178.0,302.41,49455.0,302.11699999999996,0.6872372225090422,537699.6,302.569,0.7486313437791567,297965.8,302.61625,0.5550648966317535,175134.15,-1.4700000000000273,-0.4851805399696439,-0.0008946914971170727,4.160000000000025,1.3797220656031393,16,1,12,302.11699999999996,302.61625,302.0192142279286,302.7287011041059,41.33489461358299,302.0
2025-12-02 16:10:00,301.78,302.97,301.51,302.0,964219,IBM,2025-12-03 07:53:08.808114,301.51,760.0,301.78,2073486.0,301.83,441275.0,303.265,54923.0,302.5,51091.0,301.864,0.25735189916165585,719558.8,302.519,0.7701399584200646,389278.6,302.57975,0.5709651915827423,219589.25,0.22000000000002728,0.0729007886539954,0.0016251533945805807,1.4600000000000364,0.48344370860928354,16,1,12,301.864,302.57975,302.01280948528574,302.6593009989529,41.33489461358299,301.96
2025-12-02 16:15:00,301.78,302.6,301.78,301.96,11,IBM,2025-12-03 07:53:08.808114,302.0,964219.0,301.51,760.0,301.78,2073486.0,302.2,118054.0,302.445,59992.0,301.816,0.19346834366929985,695950.2,302.4705,0.7903250034706127,383280.5,302.514,0.5623390997938695,215908.9,0.18000000000000682,0.05964609980780928,-0.00013245033112585514,0.82000000000005,0.2715591469068917,16,1,12,301.816,302.514,301.99520632352386,302.59270090381455,41.046511627906554,301.78
2025-12-02 16:20:00,301.96,302.01,301.78,301.78,1960,IBM,2025-12-03 07:53:08.808114,301.96,11.0,302.0,964219.0,301.51,760.0,301.83,441275.0,303.12,58007.0,301.806,0.1938556163802059,608087.2,302.3365,0.7815157992287696,377675.8,302.46524999999997,0.5822562173396136,213956.75,-0.18000000000000682,-0.05961054444297484,-0.0005961054444297842,0.2300000000000182,0.07621446086553722,16,1,12,301.806,302.46524999999997,301.92347088234925,302.51530081773694,38.154897494305125,301.908
2025-12-02 16:25:00,302.6,302.6,301.78,301.908,238,IBM,2025-12-03 07:53:08.808114,301.78,1960.0,301.96,11.0,302.0,964219.0,301.78,2073486.0,303.54,72892.0,301.8316,0.1979717151568188,193437.6,302.17330000000004,0.6638072092941311,370410.4,302.43165,0.5945455827764887,211504.1,-0.6920000000000073,-0.22868473231989667,0.00042415004307794213,0.82000000000005,0.27160591968415876,16,1,12,301.8316,302.43165,301.9183139215662,302.4574626446191,43.88997078870502,302.04
2025-12-02 16:30:00,301.98,302.04,301.78,302.04,72,IBM,2025-12-03 07:53:08.808114,301.908,238.0,301.78,1960.0,301.96,11.0,301.51,760.0,303.5,49178.0,301.93760000000003,0.10074125273225196,193300.0,302.0273,0.47260931715998605,365499.8,302.4164,0.600764197544808,208760.3,0.060000000000002274,0.019868865487781398,0.00043721928534523613,0.26000000000004775,0.08608131373329617,16,1,12,301.93760000000003,302.4164,301.9588759477108,302.41770429751256,44.45783132530165,302.59
2025-12-02 16:35:00,301.9,302.59,301.9,302.59,99,IBM,2025-12-03 07:53:08.808114,302.04,72.0,301.908,238.0,301.78,1960.0,302.0,964219.0,303.265,54923.0,302.0556,0.31333177304892335,476.0,301.9598,0.2885603345340992,360017.4,302.4334,0.600618225356685,206141.35,0.6899999999999977,0.22855250082808803,0.001820950867434723,0.6899999999999977,0.22803132952179442,16,1,12,302.0556,302.4334,302.1692506318072,302.4341134120352,51.560818083961024,302.59
2025-12-02 16:40:00,302.2,302.59,302.01,302.59,113,IBM,2025-12-03 07:53:08.808114,302.59,99.0,302.04,72.0,301.908,238.0,301.96,11.0,302.2,118054.0,302.1816,0.38398281211779317,496.4,301.99879999999996,0.34539021410537973,348223.3,302.4259,0.5975166943266352,202465.8,0.38999999999998636,0.12905360688285453,0.0,0.5799999999999841,0.1916785088733878,16,1,12,302.1816,302.4259,302.3095004212048,302.4489597537461,43.324937027707584,302.57
2025-12-02 16:45:00,301.8948,302.57,301.8948,302.57,26,IBM,2025-12-03 07:53:08.808114,302.59,113.0,302.59,99.0,302.04,72.0,301.78,1960.0,301.83,441275.0,302.33959999999996,0.3370916789269107,109.6,302.07280000000003,0.38248683346950885,304098.4,302.41790000000003,0.5942932910512269,200902.85,0.675200000000018,0.22365406757586354,-6.609603754248461e-05,0.675200000000018,0.22315497240308624,16,1,12,302.33959999999996,302.41790000000003,302.39633361413655,302.4604873962465,36.41456582633033,302.3
2025-12-02 16:50:00,301.9,302.5788,301.9,302.3,13,IBM,2025-12-03 07:53:08.808114,302.57,26.0,302.59,113.0,302.59,99.0,301.908,238.0,301.78,2073486.0,302.418,0.24447903795971113,64.6,302.12479999999994,0.373499010856602,96751.1,302.3919,0.5871071721397677,199793.2,0.4000000000000341,0.13249420337861348,-0.0008923554879861628,0.6788000000000238,0.2245451538207158,16,1,12,302.418,302.3919,302.36422240942437,302.44520288231826,34.210526315789664,302.12
2025-12-02 16:55:00,302.46,302.58,302.0,302.12,474,IBM,2025-12-03 07:53:08.808114,302.3,13.0,302.57,26.0,302.59,113.0,302.04,72.0,301.51,760.0,302.43399999999997,0.2143128554279919,145.0,302.18580000000003,0.30556825024091594,96722.5,302.37739999999997,0.5902095435200582,197344.15,-0.339999999999975,-0.11241155855318885,-0.0005954349983460228,0.5799999999999841,0.19197669800078912,16,1,12,302.43399999999997,302.37739999999997,302.2828149396163,302.4142311792403,34.71295060080132,302.0
2025-12-02 17:00:00,302.5,302.5,301.87,302.0,27,IBM,2025-12-03 07:53:08.808114,302.12,474.0,302.3,13.0,302.57,26.0,302.59,99.0,302.0,964219.0,302.316,0.2636854186370429,130.6,302.18580000000003,0.30556825024091594,303.3,302.3524,0.5953105691008619,194790.95,-0.5,-0.1652892561983471,-0.0003971931682774654,0.6299999999999955,0.2086092715231773,17,1,12,302.316,302.3524,302.18854329307754,302.37478059074124,46.428571428571644,302.25
2025-12-02 17:05:00,302.48,302.48,301.9,302.25,141,IBM,2025-12-03 07:53:08.808114,302.0,27.0,302.12,474.0,302.3,13.0,302.59,113.0,301.96,11.0,302.248,0.21463923220569542,136.2,302.2148,0.295347930413831,316.3,302.34265,0.5953110001008554,191798.4,-0.2300000000000182,-0.07603808516266139,0.0008278145695364003,0.5800000000000409,0.19189412737801187,17,1,12,302.248,302.34265,302.2090288620517,302.36289672495633,57.835820895522666,302.3977
2025-12-02 17:10:00,302.48,302.48,302.3977,302.3977,22,IBM,2025-12-03 07:53:08.808114,302.25,141.0,302.0,27.0,302.12,474.0,302.57,26.0,301.78,1960.0,302.21354,0.1557791963064396,135.4,302.27657000000005,0.2563243693702445,122.5,302.306535,0.566902022792582,188899.15,-0.08230000000003201,-0.02720841047343031,0.000488668320926422,0.08230000000003201,0.027215815464215507,17,1,12,302.21354,302.306535,302.2719192413678,302.36621132257955,61.118911329517545,302.05
2025-12-02 17:15:00,302.3,302.3,301.87,302.05,74,IBM,2025-12-03 07:53:08.808114,302.3977,22.0,302.25,141.0,302.0,27.0,302.3,13.0,301.908,238.0,302.16354,0.16112001117774333,147.6,302.29076999999995,0.23682937153558847,106.1,302.232035,0.4887981751989784,185258.25,-0.25,-0.08269930532583526,-0.0011498103325520148,0.4300000000000068,0.1423605363350461,17,1,12,302.16354,302.232035,302.1979461609119,302.3360959585243,59.45576801849172,302.01
2025-12-02 17:20:00,302.05,302.05,301.9,302.01,52,IBM,2025-12-03 07:53:08.808114,302.05,74.0,302.3977,22.0,302.25,141.0,302.12,474.0,302.04,72.0,302.14153999999996,0.17542621811443648,63.2,302.28777,0.24052016801495998,104.1,302.157535,0.38866226479786753,182801.95,-0.040000000000020464,-0.01324284058931318,-0.00013242840589311466,0.1500000000000341,0.04966722956194634,17,1,12,302.14153999999996,302.157535,302.1352974406079,302.3050392005696,50.20786563565293,302.04
2025-12-02 17:25:00,302.01,302.04,302.01,302.04,10,IBM,2025-12-03 07:53:08.808114,302.01,52.0,302.05,74.0,302.3977,22.0,302.0,27.0,302.59,99.0,302.14954,0.1681176909249168,59.8,302.23276999999996,0.22618737586287155,95.2,302.09628499999997,0.28859124849751205,180056.3,0.03000000000002956,0.009933445912396794,9.933445912402306e-05,0.03000000000002956,0.00993245927692675,17,1,12,302.14954,302.09628499999997,302.103531627072,302.2797973719439,51.66986724555484,302.3901
2025-12-02 17:30:00,302.3901,302.3901,302.3901,302.3901,1,IBM,2025-12-03 07:53:08.808114,302.04,10.0,302.01,52.0,302.05,74.0,302.25,141.0,302.59,113.0,302.17755999999997,0.19805651466666233,31.8,302.21278,0.19821145162500842,84.0,302.10578999999996,0.2952409201757121,174153.65,0.0,0.0,0.0011591179976162547,0.0,0.0,17,1,12,302.17755999999997,302.10578999999996,302.19905441804804,302.2903023841397,61.89046969401772,302.0
2025-12-02 17:35:00,301.95,302.4999,301.91,302.0,28,IBM,2025-12-03 07:53:08.808114,302.3901,1.0,302.04,10.0,302.01,52.0,302.3977,22.0,302.57,26.0,302.09802,0.16457400159797314,33.0,302.15578,0.16288005675539982,84.2,302.11429,0.28926979011386794,152091.3,0.05000000000001137,0.01655903295247934,-0.0012900554614718729,0.5899000000000001,0.1953311258278146,17,1,12,302.09802,302.11429,302.1327029453654,302.26265453803114,51.62682133257862,301.91
2025-12-02 17:40:00,302.45,302.45,301.8857,301.91,29,IBM,2025-12-03 07:53:08.808114,302.0,28.0,302.3901,1.0,302.04,10.0,302.05,74.0,302.3,13.0,302.07002,0.1853806947931514,24.0,302.11678,0.17099955035608505,85.8,302.12079000000006,0.2827499190728112,48418.45,-0.5399999999999636,-0.17854190775333564,-0.00029801324503297977,0.5643000000000029,0.18691000629326715,17,1,12,302.07002,302.12079000000006,302.0584686302436,302.229068391552,47.666570936243566,302.02
2025-12-02 17:45:00,302.0,302.39,301.87,302.02,248,IBM,2025-12-03 07:53:08.808114,301.91,29.0,302.0,28.0,302.3901,1.0,302.01,52.0,302.12,474.0,302.07201999999995,0.18462367671019395,63.2,302.10677999999996,0.1736930933181594,63.2,302.14629,0.2452809364551818,48392.85,0.01999999999998181,0.006622516556285368,0.000364346990824993,0.5199999999999818,0.1721740282100463,17,1,12,302.07201999999995,302.14629,302.04564575349576,302.2091571161661,37.849590723055734,302.3
2025-12-02 17:50:00,302.19,302.3,302.19,302.3,33,IBM,2025-12-03 07:53:08.808114,302.02,248.0,301.91,29.0,302.0,28.0,302.04,10.0,302.0,27.0,302.12402000000003,0.2084305687799784,67.8,302.13678,0.179026880662527,63.8,302.16129,0.24503684126640085,183.55,0.11000000000001364,0.03640093980608678,0.0009270909211311906,0.11000000000001364,0.03638769434337202,17,1,12,302.12402000000003,302.16129,302.1304305023305,302.2178088193884,44.47745277270019,302.3
2025-12-02 17:55:00,302.3,302.3,302.3,302.3,5,IBM,2025-12-03 07:53:08.808114,302.3,33.0,302.02,248.0,301.91,29.0,302.3901,1.0,302.25,141.0,302.106,0.18187908071562042,68.6,302.14178,0.18319013073785748,50.2,302.17829,0.2421135899117036,183.25,0.0,0.0,0.0,0.0,0.0,17,1,12,302.106,302.17829,302.1869536682204,302.2256365508752,44.818851704022414,302.39
2025-12-02 18:00:00,302.14,302.39,301.981,302.39,28,IBM,2025-12-03 07:53:08.808114,302.3,5.0,302.3,33.0,302.02,248.0,302.0,28.0,302.3977,22.0,302.184,0.20695410119608149,68.6,302.14101,0.1820072675587371,50.8,302.20879,0.22726543928551246,86.65,0.25,0.0827430992255246,0.00029771749917295587,0.4089999999999918,0.1352557954958801,18,1,12,302.184,302.20879,302.2546357788136,302.2412902126966,51.8552110817937,302.4
2025-12-02 18:05:00,302.4,302.4,302.4,302.4,4,IBM,2025-12-03 07:53:08.808114,302.39,28.0,302.3,5.0,302.3,33.0,301.91,29.0,302.05,74.0,302.28200000000004,0.15401298647120656,63.6,302.17601,0.19569897774037942,43.8,302.23339,0.21948809558648222,74.95,0.0,0.0,3.3069876649305385e-05,0.0,0.0,18,1,12,302.28200000000004,302.23339,302.3030905192091,302.25640543053504,56.20677425075319,302.39
2025-12-02 18:10:00,301.9,302.39,301.9,302.39,100,IBM,2025-12-03 07:53:08.808114,302.4,4.0,302.39,28.0,302.3,5.0,302.02,248.0,302.01,52.0,302.356,0.05128352563646849,34.0,302.21401000000003,0.19677262936291562,48.6,302.25088999999997,0.2171983640991618,76.35,0.4900000000000091,0.16230539913879072,-3.3068783068745944e-05,0.4900000000000091,0.1620423955818675,18,1,12,302.356,302.25088999999997,302.33206034613943,302.269128722865,59.08836689038022,302.4
2025-12-02 18:15:00,302.03,302.4,302.03,302.4,36,IBM,2025-12-03 07:53:08.808114,302.39,100.0,302.4,4.0,302.39,28.0,302.3,33.0,302.04,10.0,302.37600000000003,0.0427784992921387,34.6,302.25001,0.19431589658693552,51.2,302.24139,0.20542134593889017,73.2,0.37000000000000455,0.12250438698142721,3.3069876649305385e-05,0.37000000000000455,0.12235449735449885,18,1,12,302.37600000000003,302.24139,302.3547068974263,302.2815926540207,53.93576826196427,301.99
2025-12-02 18:20:00,301.9,302.3799,301.9,301.99,80,IBM,2025-12-03 07:53:08.808114,302.4,36.0,302.39,100.0,302.4,4.0,302.3,5.0,302.3901,1.0,302.31399999999996,0.18119050748243193,49.6,302.21,0.2032513495916828,59.1,302.21139,0.19539819774786182,71.55,0.09000000000003183,0.02981119576019604,-0.001355820105820027,0.4799000000000433,0.15891254677308628,18,1,12,302.31399999999996,302.21139,302.23313793161753,302.25382192506635,40.59689100050757,302.29
2025-12-02 18:25:00,302.37,302.39,302.29,302.29,10,IBM,2025-12-03 07:53:08.808114,301.99,80.0,302.4,36.0,302.39,100.0,302.39,28.0,302.0,28.0,302.294,0.17615334229517263,46.0,302.239,0.1902308539051885,57.3,302.19739,0.17756941681597585,70.75,-0.07999999999998408,-0.026457651222007505,0.0009934103778270753,0.0999999999999659,0.03308081643453832,18,1,12,302.294,302.19739,302.2520919544117,302.2572674560124,55.6598434109993,302.0
2025-12-02 18:30:00,301.78,302.254,301.78,302.0,964151,IBM,2025-12-03 07:53:08.808114,302.29,10.0,301.99,80.0,302.4,36.0,302.4,4.0,301.91,29.0,302.214,0.20452383724602957,192875.4,302.248,0.1744069315637897,96469.5,302.18239,0.18108169979012576,48277.65,0.22000000000002728,0.0729007886539954,-0.000959343676601998,0.4740000000000464,0.15695364238412132,18,1,12,302.214,302.18239,302.16806130294117,302.23276579353507,49.78904733777759,302.0
2025-12-02 18:35:00,302.0,302.0,302.0,302.0,20,IBM,2025-12-03 07:53:08.808114,302.0,964151.0,302.29,10.0,301.99,80.0,302.39,100.0,302.02,248.0,302.136,0.1947562579274993,192859.4,302.246,0.1774009895993565,96446.7,302.17638999999997,0.18519899084337052,48254.95,0.0,0.0,0.0,0.0,0.0,18,1,12,302.136,302.17638999999997,302.11204086862745,302.2105976227222,49.14537219041061,302.01
2025-12-02 18:40:00,301.99,302.01,301.97,302.01,12,IBM,2025-12-03 07:53:08.808114,302.0,20.0,302.0,964151.0,302.29,10.0,302.4,36.0,302.3,33.0,302.058,0.12988456414064875,192854.6,302.217,0.1907907521627947,96444.6,302.17689,0.18471056419488505,48254.2,0.01999999999998181,0.006622735852174512,3.311258278149154e-05,0.03999999999996362,0.013244594549837297,18,1,12,302.058,302.17689,302.0780272457516,302.19149308722484,40.49797510124387,302.0
2025-12-02 18:45:00,302.0,302.09,302.0,302.0,54,IBM,2025-12-03 07:53:08.808114,302.01,12.0,302.0,20.0,302.0,964151.0,301.99,80.0,302.3,5.0,302.06,0.12864680331047812,192849.4,302.187,0.19966917082395222,96449.5,302.16439,0.18793361901682692,48249.85,0.0,0.0,-3.3111486374637344e-05,0.08999999999997499,0.029801324503302976,18,1,12,302.06,302.16439,302.0520181638344,302.1732556503463,50.0,301.9993
2025-12-02 18:50:00,302.0,302.0,301.9825,301.9993,410,IBM,2025-12-03 07:53:08.808114,302.0,54.0,302.01,12.0,302.0,20.0,302.29,10.0,302.39,28.0,302.00185999999997,0.004560482656572671,192929.4,302.14793,0.19366857170545368,96487.7,302.14447,0.18295050840368954,48269.25,-0.0006999999999948159,-0.00023178807946848209,-2.3178807946333535e-06,0.017499999999984084,0.005794715418209275,18,1,12,302.00185999999997,302.14447,302.0344454425563,302.15668844555137,52.91696609394347,302.0
2025-12-02 18:55:00,301.99,302.0,301.98,302.0,139,IBM,2025-12-03 07:53:08.808114,301.9993,410.0,302.0,54.0,302.01,12.0,302.0,964151.0,302.4,4.0,302.00185999999997,0.004560482656572671,127.0,302.10793,0.1763555880720173,96501.2,302.14197,0.1846431668150293,48272.5,0.009999999999990905,0.003311367926087256,2.3178861672246143e-06,0.01999999999998181,0.006622516556285368,18,1,12,302.00185999999997,302.14197,302.0229636283709,302.14176573645125,49.29646827071962,302.0
2025-12-02 19:00:00,301.78,302.48,301.78,302.0,964166,IBM,2025-12-03 07:53:08.808114,302.0,139.0,301.9993,410.0,302.0,54.0,302.0,20.0,302.39,100.0,302.00185999999997,0.004560482656572671,192956.2,302.06893,0.14786895136429795,192907.8,302.14146999999997,0.18503246969371628,96478.2,0.22000000000002728,0.0729007886539954,0.0,0.7000000000000455,0.23178807947021374,19,1,12,302.00185999999997,302.14146999999997,302.0153090855806,302.12826423774163,36.8582442614319,302.37
2025-12-02 19:05:00,302.37,302.37,302.37,302.37,4,IBM,2025-12-03 07:53:08.808114,302.0,964166.0,302.0,139.0,301.9993,410.0,302.01,12.0,302.4,36.0,302.07386,0.1655475702086372,192954.6,302.06593000000004,0.1405279098408806,192904.6,302.15797,0.1901506441549602,96477.9,0.0,0.0,0.0012251655629138547,0.0,0.0,19,1,12,302.07386,302.15797,302.1335393903871,302.15128669129,52.31573375678168,301.91
2025-12-02 19:10:00,301.91,301.91,301.91,301.91,3,IBM,2025-12-03 07:53:08.808114,302.37,4.0,302.0,964166.0,302.0,139.0,302.0,54.0,301.99,80.0,302.05586000000005,0.17986021795272544,192944.4,302.05793,0.147437987340158,192896.9,302.13396500000005,0.1896073596003961,96478.0,0.0,0.0,-0.0015213149452656394,0.0,0.0,19,1,12,302.05586000000005,302.13396500000005,302.0590262602581,302.12830700640524,37.24354204315989,301.86
2025-12-02 19:25:00,301.99,302.01,301.78,301.86,332,IBM,2025-12-03 07:53:08.808114,301.91,3.0,302.37,4.0,302.0,964166.0,301.9993,410.0,302.29,10.0,302.028,0.20042454939960172,192928.8,302.01493,0.1343591542588652,192929.1,302.12696500000004,0.1972439400013596,96493.2,-0.12999999999999545,-0.04304778303917198,-0.00016561226855693612,0.2300000000000182,0.0761942622407799,19,1,12,302.028,302.12696500000004,301.99268417350544,302.10275395817615,35.9477464348918,301.79
2025-12-02 19:30:00,301.86,302.43,301.79,301.79,120,IBM,2025-12-03 07:53:08.808114,301.86,332.0,301.91,3.0,302.37,4.0,302.0,139.0,302.0,964151.0,301.986,0.22788154818256484,192925.0,301.99393,0.1521811935375066,96526.0,302.12096499999996,0.2058294983562162,96497.75,-0.06999999999999318,-0.023189558073276745,-0.00023189558073277716,0.6399999999999864,0.21206799430066814,19,1,12,301.986,302.12096499999996,301.925122782337,302.0729678669213,34.85919047138435,302.3888
2025-12-02 19:35:00,301.79,302.3888,301.78,302.3888,738,IBM,2025-12-03 07:53:08.808114,301.79,120.0,301.86,332.0,301.91,3.0,302.0,964166.0,302.0,20.0,302.06376,0.29134976918127703,239.4,302.03281000000004,0.19697742933260803,96597.8,302.139405,0.21271315618606462,96522.25,0.5987999999999829,0.19841611716756116,0.001984161171675547,0.6088000000000306,0.20133020799713172,19,1,12,302.06376,302.139405,302.0796818548913,302.1030471176907,49.782118123103764,302.2799
2025-12-02 19:40:00,301.78,302.35,301.78,302.2799,49,IBM,2025-12-03 07:53:08.808114,302.3888,738.0,301.79,120.0,301.86,332.0,302.37,4.0,302.01,12.0,302.04574,0.26965195716331103,248.4,302.05980000000005,0.2114630359078362,96601.5,302.1384,0.21196061451153989,96523.05,0.4999000000000251,0.16565047385513457,-0.0003601323858555272,0.57000000000005,0.18856695400522827,19,1,12,302.04574,302.1384,302.1464212365942,302.1198902493392,56.38799524040349,302.39
2025-12-02 19:45:00,301.78,302.39,301.78,302.39,141,IBM,2025-12-03 07:53:08.808114,302.2799,49.0,302.3888,738.0,301.79,120.0,301.91,3.0,302.0,54.0,302.14174,0.29362319050422975,276.0,302.0988,0.23397424834513755,96610.2,302.1429,0.21647921256446973,96529.85,0.6100000000000136,0.2021340049042394,0.0003642319585257514,0.6100000000000136,0.20172624756110114,19,1,12,302.14174,302.1429,302.2276141577295,302.14561498749737,52.40477106579377,302.15
2025-12-02 19:50:00,301.81,302.15,301.81,302.15,25,IBM,2025-12-03 07:53:08.808114,302.39,141.0,302.2799,49.0,302.3888,738.0,301.86,332.0,301.9993,410.0,302.19974,0.24936374636626282,214.6,302.11387,0.23169560514653864,96571.7,302.1309,0.2085682697745181,96529.7,0.339999999999975,0.11265365627380636,-0.0007936770395846615,0.339999999999975,0.11252689061723484,19,1,12,302.19974,302.1309,302.2017427718197,302.1460326077357,53.6960378474271,302.39
